{"best_acc": 92.503, "best_eval_name": "highest-9", "best_epoch": 76, "info/epoch": 77, "info/lr": 3.319010210622897e-06, "train_acc/layer1_acc": 100.0, "train_loss/layer1_loss": 0.1044921875, "train_loss/layer1_FPN1_loss": 0.008514404296875, "train_acc/layer2_acc": 100.0, "train_loss/layer2_loss": 0.07379150390625, "train_loss/layer2_FPN1_loss": 0.00994110107421875, "train_acc/layer3_acc": 100.0, "train_loss/layer3_loss": 0.08197021484375, "train_loss/layer3_FPN1_loss": 0.0101776123046875, "train_acc/layer4_acc": 100.0, "train_loss/layer4_loss": 0.07427978515625, "train_loss/layer4_FPN1_loss": 0.006214141845703125, "train_acc/select_layer1_acc": 100.0, "train_loss/select_layer1_loss": 0.02002062276005745, "train_acc/select_layer2_acc": 100.0, "train_loss/select_layer2_loss": 0.02000640332698822, "train_acc/select_layer3_acc": 100.0, "train_loss/select_layer3_loss": 0.034631773829460144, "train_acc/select_layer4_acc": 100.0, "train_loss/select_layer4_loss": 0.01997584104537964, "train_acc/drop_layer1_acc": 100.0, "train_loss/drop_layer1_loss": 1.552734375, "train_acc/drop_layer2_acc": 92.19, "train_loss/drop_layer2_loss": 2.005859375, "train_acc/drop_layer3_acc": 94.69, "train_loss/drop_layer3_loss": 3.421875, "train_acc/drop_layer4_acc": 90.85, "train_loss/drop_layer4_loss": 0.8837890625, "train_acc/combiner_acc": 100.0, "train_loss/combiner_loss": 6.4849853515625e-05, "train_loss/total_loss": 8.293490994721651, "_timestamp": 1703711057.7098503, "_runtime": 119696.33413934708, "_step": 1470, "layer1-top-1": 92.148, "layer1-top-3": 97.568, "FPN1_layer1-top-1": 0.811, "FPN1_layer1-top-3": 2.634, "layer2-top-1": 92.3, "layer2-top-3": 97.416, "FPN1_layer2-top-1": 1.317, "FPN1_layer2-top-3": 4.002, "layer3-top-1": 92.148, "layer3-top-3": 97.619, "FPN1_layer3-top-1": 1.165, "FPN1_layer3-top-3": 2.938, "layer4-top-1": 92.351, "layer4-top-3": 97.518, "FPN1_layer4-top-1": 0.811, "FPN1_layer4-top-3": 3.09, "select_layer1-top-1": 92.165, "select_layer1-top-3": 97.526, "select_layer2-top-1": 92.302, "select_layer2-top-3": 97.517, "select_layer3-top-1": 92.297, "select_layer3-top-3": 97.709, "select_layer4-top-1": 92.362, "select_layer4-top-3": 97.325, "drop_layer1-top-1": 92.119, "drop_layer1-top-3": 97.432, "drop_layer2-top-1": 92.115, "drop_layer2-top-3": 97.477, "drop_layer3-top-1": 92.15, "drop_layer3-top-3": 97.309, "drop_layer4-top-1": 91.518, "drop_layer4-top-3": 97.338, "combiner-top-1": 92.199, "combiner-top-3": 97.416, "highest-1": 1.114, "highest-2": 2.178, "highest-3": 2.533, "highest-4": 2.938, "highest-5": 92.047, "highest-6": 92.148, "highest-7": 92.249, "highest-8": 92.3, "highest-9": 92.401}