{"best_acc": 92.503, "best_eval_name": "highest-9", "best_epoch": 70, "info/epoch": 72, "info/lr": 1.4765856181717775e-05, "train_acc/layer1_acc": 100.0, "train_loss/layer1_loss": 0.071533203125, "train_loss/layer1_FPN1_loss": 0.0083465576171875, "train_acc/layer2_acc": 100.0, "train_loss/layer2_loss": 0.05352783203125, "train_loss/layer2_FPN1_loss": 0.0106048583984375, "train_acc/layer3_acc": 100.0, "train_loss/layer3_loss": 0.05828857421875, "train_loss/layer3_FPN1_loss": 0.0106048583984375, "train_acc/layer4_acc": 100.0, "train_loss/layer4_loss": 0.0662841796875, "train_loss/layer4_FPN1_loss": 0.0080718994140625, "train_acc/select_layer1_acc": 100.0, "train_loss/select_layer1_loss": 0.020489541813731194, "train_acc/select_layer2_acc": 100.0, "train_loss/select_layer2_loss": 0.022427983582019806, "train_acc/select_layer3_acc": 100.0, "train_loss/select_layer3_loss": 0.02661360241472721, "train_acc/select_layer4_acc": 100.0, "train_loss/select_layer4_loss": 0.020161505788564682, "train_acc/drop_layer1_acc": 100.0, "train_loss/drop_layer1_loss": 1.1962890625, "train_acc/drop_layer2_acc": 100.0, "train_loss/drop_layer2_loss": 1.9580078125, "train_acc/drop_layer3_acc": 95.31, "train_loss/drop_layer3_loss": 3.533203125, "train_acc/drop_layer4_acc": 87.95, "train_loss/drop_layer4_loss": 1.1845703125, "train_acc/combiner_acc": 100.0, "train_loss/combiner_loss": 2.1457672119140625e-05, "train_loss/total_loss": 8.211418192833662, "_timestamp": 1703698179.9430285, "_runtime": 106818.56731748581, "_step": 1377, "layer1-top-1": 92.148, "layer1-top-3": 97.568, "FPN1_layer1-top-1": 0.557, "FPN1_layer1-top-3": 2.432, "layer2-top-1": 92.452, "layer2-top-3": 97.619, "FPN1_layer2-top-1": 1.216, "FPN1_layer2-top-3": 3.901, "layer3-top-1": 92.249, "layer3-top-3": 97.822, "FPN1_layer3-top-1": 1.216, "FPN1_layer3-top-3": 2.989, "layer4-top-1": 92.351, "layer4-top-3": 97.568, "FPN1_layer4-top-1": 0.861, "FPN1_layer4-top-3": 3.293, "select_layer1-top-1": 92.16, "select_layer1-top-3": 97.411, "select_layer2-top-1": 92.405, "select_layer2-top-3": 97.549, "select_layer3-top-1": 92.253, "select_layer3-top-3": 97.753, "select_layer4-top-1": 92.355, "select_layer4-top-3": 97.369, "drop_layer1-top-1": 92.089, "drop_layer1-top-3": 97.488, "drop_layer2-top-1": 92.047, "drop_layer2-top-3": 97.479, "drop_layer3-top-1": 92.028, "drop_layer3-top-3": 97.269, "drop_layer4-top-1": 91.469, "drop_layer4-top-3": 97.359, "combiner-top-1": 92.047, "combiner-top-3": 97.416, "highest-1": 1.064, "highest-2": 1.469, "highest-3": 2.229, "highest-4": 2.989, "highest-5": 92.249, "highest-6": 92.249, "highest-7": 92.3, "highest-8": 92.3, "highest-9": 92.351}