{"best_acc": 92.503, "best_eval_name": "highest-9", "best_epoch": 80, "info/epoch": 80, "info/lr": 1.2207020205798353e-07, "train_acc/layer1_acc": 100.0, "train_loss/layer1_loss": 0.081298828125, "train_loss/layer1_FPN1_loss": 0.0094757080078125, "train_acc/layer2_acc": 100.0, "train_loss/layer2_loss": 0.05511474609375, "train_loss/layer2_FPN1_loss": 0.01062774658203125, "train_acc/layer3_acc": 100.0, "train_loss/layer3_loss": 0.06329345703125, "train_loss/layer3_FPN1_loss": 0.010223388671875, "train_acc/layer4_acc": 100.0, "train_loss/layer4_loss": 0.05267333984375, "train_loss/layer4_FPN1_loss": 0.00775146484375, "train_acc/select_layer1_acc": 100.0, "train_loss/select_layer1_loss": 0.020444341003894806, "train_acc/select_layer2_acc": 100.0, "train_loss/select_layer2_loss": 0.02025008201599121, "train_acc/select_layer3_acc": 100.0, "train_loss/select_layer3_loss": 0.03659242019057274, "train_acc/select_layer4_acc": 100.0, "train_loss/select_layer4_loss": 0.019962584599852562, "train_acc/drop_layer1_acc": 100.0, "train_loss/drop_layer1_loss": 1.5205078125, "train_acc/drop_layer2_acc": 99.78, "train_loss/drop_layer2_loss": 2.04296875, "train_acc/drop_layer3_acc": 98.75, "train_loss/drop_layer3_loss": 3.09765625, "train_acc/drop_layer4_acc": 91.29, "train_loss/drop_layer4_loss": 0.9560546875, "train_acc/combiner_acc": 100.0, "train_loss/combiner_loss": 0.00023221969604492188, "train_loss/total_loss": 7.967049518600106, "_timestamp": 1703720129.1215749, "_runtime": 128767.74586391449, "_step": 1538, "layer1-top-1": 92.148, "layer1-top-3": 97.568, "FPN1_layer1-top-1": 0.608, "FPN1_layer1-top-3": 2.685, "layer2-top-1": 92.452, "layer2-top-3": 97.568, "FPN1_layer2-top-1": 1.165, "FPN1_layer2-top-3": 4.357, "layer3-top-1": 92.148, "layer3-top-3": 97.771, "FPN1_layer3-top-1": 1.469, "FPN1_layer3-top-3": 2.786, "layer4-top-1": 92.199, "layer4-top-3": 97.467, "FPN1_layer4-top-1": 0.405, "FPN1_layer4-top-3": 2.685, "select_layer1-top-1": 92.114, "select_layer1-top-3": 97.547, "select_layer2-top-1": 92.419, "select_layer2-top-3": 97.596, "select_layer3-top-1": 92.276, "select_layer3-top-3": 97.723, "select_layer4-top-1": 92.227, "select_layer4-top-3": 97.353, "drop_layer1-top-1": 92.142, "drop_layer1-top-3": 97.529, "drop_layer2-top-1": 92.098, "drop_layer2-top-3": 97.599, "drop_layer3-top-1": 92.094, "drop_layer3-top-3": 97.262, "drop_layer4-top-1": 91.617, "drop_layer4-top-3": 97.395, "combiner-top-1": 92.148, "combiner-top-3": 97.416, "highest-1": 1.165, "highest-2": 2.026, "highest-3": 2.381, "highest-4": 2.736, "highest-5": 92.097, "highest-6": 92.199, "highest-7": 92.148, "highest-8": 92.351, "highest-9": 92.503, "_wandb": {"runtime": 128766}}