{"best_acc": 92.503, "best_eval_name": "highest-9", "best_epoch": 68, "info/epoch": 70, "info/lr": 2.5115579694984258e-05, "train_acc/layer1_acc": 100.0, "train_loss/layer1_loss": 0.11651611328125, "train_loss/layer1_FPN1_loss": 0.00830841064453125, "train_acc/layer2_acc": 100.0, "train_loss/layer2_loss": 0.1416015625, "train_loss/layer2_FPN1_loss": 0.00873565673828125, "train_acc/layer3_acc": 100.0, "train_loss/layer3_loss": 0.09539794921875, "train_loss/layer3_FPN1_loss": 0.00992584228515625, "train_acc/layer4_acc": 100.0, "train_loss/layer4_loss": 0.1651611328125, "train_loss/layer4_FPN1_loss": 0.0064697265625, "train_acc/select_layer1_acc": 100.0, "train_loss/select_layer1_loss": 0.02114691771566868, "train_acc/select_layer2_acc": 100.0, "train_loss/select_layer2_loss": 0.02066873013973236, "train_acc/select_layer3_acc": 100.0, "train_loss/select_layer3_loss": 0.0492495633661747, "train_acc/select_layer4_acc": 100.0, "train_loss/select_layer4_loss": 0.019716065376996994, "train_acc/drop_layer1_acc": 100.0, "train_loss/drop_layer1_loss": 1.34375, "train_acc/drop_layer2_acc": 100.0, "train_loss/drop_layer2_loss": 1.7099609375, "train_acc/drop_layer3_acc": 96.88, "train_loss/drop_layer3_loss": 3.1015625, "train_acc/drop_layer4_acc": 85.04, "train_loss/drop_layer4_loss": 1.2744140625, "train_acc/combiner_acc": 100.0, "train_loss/combiner_loss": 0.0002067089080810547, "train_loss/total_loss": 8.059352243319154, "_timestamp": 1703692171.6011016, "_runtime": 100810.22539067268, "_step": 1324, "layer1-top-1": 92.148, "layer1-top-3": 97.619, "FPN1_layer1-top-1": 0.659, "FPN1_layer1-top-3": 2.077, "layer2-top-1": 92.3, "layer2-top-3": 97.619, "FPN1_layer2-top-1": 1.013, "FPN1_layer2-top-3": 4.002, "layer3-top-1": 92.3, "layer3-top-3": 97.72, "FPN1_layer3-top-1": 1.013, "FPN1_layer3-top-3": 2.736, "layer4-top-1": 92.452, "layer4-top-3": 97.771, "FPN1_layer4-top-1": 0.861, "FPN1_layer4-top-3": 2.634, "select_layer1-top-1": 92.164, "select_layer1-top-3": 97.692, "select_layer2-top-1": 92.224, "select_layer2-top-3": 97.541, "select_layer3-top-1": 92.325, "select_layer3-top-3": 97.771, "select_layer4-top-1": 92.46, "select_layer4-top-3": 97.475, "drop_layer1-top-1": 92.103, "drop_layer1-top-3": 97.617, "drop_layer2-top-1": 92.174, "drop_layer2-top-3": 97.573, "drop_layer3-top-1": 92.035, "drop_layer3-top-3": 97.253, "drop_layer4-top-1": 91.458, "drop_layer4-top-3": 97.468, "combiner-top-1": 92.351, "combiner-top-3": 97.416, "highest-1": 0.811, "highest-2": 1.722, "highest-3": 2.482, "highest-4": 2.128, "highest-5": 92.097, "highest-6": 92.351, "highest-7": 92.199, "highest-8": 92.401, "highest-9": 92.503}