{"best_acc": 0.0, "best_eval_name": "null", "best_epoch": 0, "info/epoch": 1, "info/lr": 6.637845230153435e-05, "train_acc/layer1_acc": 0.0, "train_loss/layer1_loss": 5.36328125, "train_loss/layer1_FPN1_loss": 9.429454803466797e-05, "train_acc/layer2_acc": 0.0, "train_loss/layer2_loss": 5.37109375, "train_loss/layer2_FPN1_loss": 8.994340896606445e-05, "train_acc/layer3_acc": 0.0, "train_loss/layer3_loss": 5.27734375, "train_loss/layer3_FPN1_loss": 8.410215377807617e-05, "train_acc/layer4_acc": 0.0, "train_loss/layer4_loss": 5.36328125, "train_loss/layer4_FPN1_loss": 8.928775787353516e-05, "train_acc/select_layer1_acc": 0.1, "train_loss/select_layer1_loss": 0.8766833543777466, "train_acc/select_layer2_acc": 0.0, "train_loss/select_layer2_loss": 0.9081776738166809, "train_acc/select_layer3_acc": 0.0, "train_loss/select_layer3_loss": 1.0265544652938843, "train_acc/select_layer4_acc": 0.0, "train_loss/select_layer4_loss": 1.1084402799606323, "train_acc/drop_layer1_acc": 0.22, "train_loss/drop_layer1_loss": 5.4140625, "train_acc/drop_layer2_acc": 0.17, "train_loss/drop_layer2_loss": 5.421875, "train_acc/drop_layer3_acc": 0.0, "train_loss/drop_layer3_loss": 5.328125, "train_acc/drop_layer4_acc": 1.79, "train_loss/drop_layer4_loss": 5.38671875, "train_acc/combiner_acc": 0.0, "train_loss/combiner_loss": 5.33984375, "train_loss/total_loss": 52.185480773448944, "_timestamp": 1703591129.4255297, "_runtime": 253.50927066802979, "_step": 1, "_wandb": {"runtime": 320}}